{
  "order": 0,
  "template": "*message*",
  "settings": {
    "index": {
      "refresh_interval": "1s"
    }
  },
  "mappings": {
    "message": {
      "properties": {
        "created": {
          "type": "long"
        },
        "messageId": {
          "type": "keyword",
          "index": true
        },
        "payload": {
          "type": "keyword",
          "index": true
        },
        "queue": {
          "type": "keyword",
          "index": true
        }
      }
    }
  },
  "aliases": {}
}